file,name,format,subversion,hota_version,size,underground,players_human,players_total,difficulty,victory,object_count,object_detail,definition_count,terrain_variety,water_percent,road_tiles,river_tiles,design_signals,towns,heroes,monsters,economy,artifacts,dwellings,quests,events,travel,banks
[HotA] A Cold Day In Hell.h3m,A Cold Day in Hell,HotA,9,1.8.0,72,False,,,4,unknown,1457,template-presence,476,8,24.0,633,47,meaningful naval space; quest-gated progression; travel-network routing; scripted storytelling; risk/reward encounters,6,6,16,32,12,23,3,1,3,21
[HotA] A New Day Tomorrow.h3m,A New Day Tomorrow,HotA,9,1.8.0,180,True,,,2,unknown,14352,template-presence,1071,11,26.7,1101,540,two-layer exploration; meaningful naval space; quest-gated progression; travel-network routing; scripted storytelling; risk/reward encounters,7,3,91,56,42,17,16,4,52,34
[HotA] Air Supremacy.h3m,Air Supremacy,HotA,9,1.8.0,72,True,,,1,unknown,2364,template-presence,572,12,16.6,316,223,two-layer exploration; meaningful naval space; quest-gated progression; travel-network routing; scripted storytelling; risk/reward encounters,1,1,9,31,6,2,7,1,5,16
[HotA] Air Tyrants.h3m,Air Tyrants,HotA,9,1.8.0,36,True,,,0,unknown,790,template-presence,303,7,0.0,103,104,two-layer exploration; quest-gated progression; travel-network routing; scripted storytelling; risk/reward encounters,1,0,5,19,5,0,6,1,5,6
[HotA] Around the Bay.h3m,Around the Bay,HotA,9,1.8.0,72,False,,,0,unknown,1059,template-presence,340,6,35.2,0,106,meaningful naval space; travel-network routing; risk/reward encounters,1,0,5,20,5,3,0,0,2,10
[HotA] Barren Lands.h3m,Barren Lands,HotA,9,1.8.0,216,True,,,2,unknown,18394,template-presence,1125,10,27.3,2749,1627,two-layer exploration; meaningful naval space; quest-gated progression; travel-network routing; scripted storytelling; risk/reward encounters,10,2,31,41,13,75,7,5,24,29
[HotA] Bay of Broken Ships.h3m,Bay of Broken Ships,HotA,9,1.8.0,72,False,,,1,unknown,1178,template-presence,449,5,39.6,108,73,meaningful naval space; quest-gated progression; travel-network routing; risk/reward encounters,2,2,33,19,14,2,4,0,3,11
[HotA] Before the Storm.h3m,Before the Storm,HotA,9,1.8.0,72,True,,,1,unknown,1637,template-presence,395,11,14.4,859,0,two-layer exploration; travel-network routing; risk/reward encounters,2,0,11,36,5,4,0,0,6,28
[HotA] Beltway.h3m,Beltway,HotA,9,1.8.0,72,True,,,1,unknown,2626,template-presence,831,11,8.3,375,266,two-layer exploration; quest-gated progression; travel-network routing; scripted storytelling; risk/reward encounters,1,2,6,45,7,19,1,2,14,26
[HotA] Beware of Demons!.h3m,Beware of Demons!,HotA,9,1.8.0,36,True,,,1,unknown,647,template-presence,387,8,4.4,0,12,two-layer exploration; quest-gated progression; travel-network routing; scripted storytelling; risk/reward encounters,3,5,22,21,17,13,3,2,1,7
[HotA] Blazing Archipelago.h3m,Blazing Archipelago,HotA,9,1.8.0,108,True,,,1,unknown,1941,template-presence,357,5,38.9,11,105,two-layer exploration; meaningful naval space; quest-gated progression; travel-network routing; scripted storytelling; risk/reward encounters,1,1,10,10,9,3,2,1,5,14
[HotA] Broken Compass.h3m,Broken Compass,HotA,9,1.8.0,108,True,,,1,unknown,3052,template-presence,699,10,25.9,846,0,two-layer exploration; meaningful naval space; quest-gated progression; travel-network routing; risk/reward encounters,9,2,84,39,14,53,5,0,10,25
[HotA] Captive.h3m,Captive,HotA,9,1.8.0,36,True,,,1,unknown,533,template-presence,273,4,10.5,9,23,two-layer exploration; quest-gated progression; travel-network routing; scripted storytelling; risk/reward encounters,2,3,26,15,20,8,1,2,4,7
[HotA] Carnival of the Abyss.h3m,Carnival of the Abyss,HotA,9,1.8.0,72,True,,,4,unknown,3381,template-presence,719,10,29.2,311,0,two-layer exploration; meaningful naval space; quest-gated progression; travel-network routing; scripted storytelling; risk/reward encounters,3,9,95,20,38,17,15,5,26,12
[HotA] Carpe Jugulum.h3m,Carpe Jugulum,HotA,9,1.8.0,72,False,,,1,unknown,882,template-presence,253,4,63.3,328,2,meaningful naval space; travel-network routing; risk/reward encounters,1,0,27,16,3,4,0,0,2,5
[HotA] Challenge.h3m,Challenge,HotA,9,1.8.0,72,True,,,1,unknown,1651,template-presence,555,10,33.6,127,184,two-layer exploration; meaningful naval space; quest-gated progression; travel-network routing; scripted storytelling; risk/reward encounters,2,1,21,20,5,12,1,1,9,13
[HotA] Claws.h3m,Claws,HotA,9,1.8.0,72,False,,,1,unknown,782,template-presence,290,6,60.2,138,66,meaningful naval space; quest-gated progression; risk/reward encounters,1,1,7,17,7,5,9,0,0,10
[HotA] Daggerwin Valley.h3m,Daggerwin valley,HotA,9,1.8.0,180,True,,,2,unknown,21969,template-presence,1259,11,13.2,3211,2488,two-layer exploration; quest-gated progression; travel-network routing; risk/reward encounters,10,0,23,42,24,56,22,0,46,34
[HotA] Dead Man's Tales.h3m,Dead Man's Tales,HotA,9,1.8.0,144,True,,,1,unknown,7770,template-presence,1088,10,23.8,702,17,two-layer exploration; meaningful naval space; quest-gated progression; travel-network routing; scripted storytelling; risk/reward encounters,9,10,104,36,17,55,14,4,33,30
[HotA] Divide et impera Allied.h3m,Divide et Impera! (Allies),HotA,9,1.8.0,108,True,,,1,unknown,3263,template-presence,710,9,24.6,12,48,two-layer exploration; meaningful naval space; quest-gated progression; travel-network routing; scripted storytelling; risk/reward encounters,6,0,106,25,59,16,3,1,4,20
[HotA] Divide et impera.h3m,Divide et Impera!,HotA,9,1.8.0,108,True,,,1,unknown,3264,template-presence,710,9,24.6,12,48,two-layer exploration; meaningful naval space; quest-gated progression; travel-network routing; scripted storytelling; risk/reward encounters,6,0,106,25,59,16,3,1,4,20
[HotA] Face To Face.h3m,Face to Face,HotA,9,1.8.0,36,False,,,1,unknown,412,template-presence,120,1,0.0,86,147,risk/reward encounters,1,0,5,16,4,0,0,0,0,7
[HotA] Fiery Riches.h3m,Fiery Riches,HotA,9,1.8.0,108,True,,,3,unknown,6876,template-presence,1130,12,14.0,795,345,two-layer exploration; quest-gated progression; travel-network routing; scripted storytelling; risk/reward encounters,9,8,116,26,76,37,15,4,40,26
[HotA] Fortune Favors Fools.h3m,Fortune Favors Fools,HotA,9,1.8.0,72,False,,,0,unknown,1419,template-presence,357,5,20.4,523,11,meaningful naval space; travel-network routing; risk/reward encounters,5,0,20,27,5,18,0,0,7,13
[HotA] From the Depths of Hell.h3m,From the Depths of Hell,HotA,9,1.8.0,36,True,,,3,unknown,798,template-presence,321,7,17.0,180,79,two-layer exploration; meaningful naval space; quest-gated progression; travel-network routing; scripted storytelling; risk/reward encounters,2,6,27,9,18,10,4,1,16,2
[HotA] Gambit.h3m,Gambit,HotA,9,1.8.0,72,True,,,1,unknown,2929,template-presence,411,9,45.6,357,709,two-layer exploration; meaningful naval space; quest-gated progression; travel-network routing; risk/reward encounters,1,1,9,42,5,0,8,0,12,17
[HotA] Glorious Days.h3m,Glorious Days,HotA,9,1.8.0,108,True,,,1,unknown,2662,template-presence,592,10,29.0,9,40,two-layer exploration; meaningful naval space; quest-gated progression; travel-network routing; scripted storytelling; risk/reward encounters,2,0,11,37,11,8,8,2,3,11
[HotA] Gold Rush.h3m,Gold Rush,HotA,9,1.8.0,72,False,,,1,unknown,1684,template-presence,397,8,15.2,254,123,meaningful naval space; quest-gated progression; travel-network routing; scripted storytelling; risk/reward encounters,1,0,5,8,12,2,8,2,7,13
[HotA] Headhunting.h3m,Headhunting,HotA,9,1.8.0,72,True,,,3,unknown,3755,template-presence,747,11,19.5,503,174,two-layer exploration; meaningful naval space; quest-gated progression; travel-network routing; scripted storytelling; risk/reward encounters,6,8,60,26,30,21,12,2,24,25
[HotA] Heritage of the Ancients.h3m,Heritage of the Ancients,HotA,9,1.8.0,36,True,,,2,unknown,1042,template-presence,355,6,10.3,72,158,two-layer exploration; quest-gated progression; travel-network routing; scripted storytelling; risk/reward encounters,3,3,22,12,11,9,5,1,16,4
[HotA] Ice Assault.h3m,Ice Assault,HotA,9,1.8.0,108,True,,,3,unknown,9967,template-presence,951,10,17.0,762,253,two-layer exploration; meaningful naval space; quest-gated progression; travel-network routing; scripted storytelling; risk/reward encounters,8,21,83,21,69,21,22,3,37,15
[HotA] In Defense.h3m,In Defence,HotA,9,1.8.0,72,True,,,3,unknown,1722,template-presence,543,8,15.2,183,12,two-layer exploration; meaningful naval space; quest-gated progression; travel-network routing; scripted storytelling; risk/reward encounters,3,1,33,23,33,19,6,2,11,14
[HotA] Invasion.h3m,Invasion,HotA,9,1.8.0,72,False,,,2,unknown,1405,template-presence,489,6,29.1,374,42,meaningful naval space; quest-gated progression; travel-network routing; risk/reward encounters,3,7,69,26,22,23,6,0,3,21
[HotA] Island of Dust.h3m,Island of Dust,HotA,9,1.8.0,108,False,,,1,unknown,2938,template-presence,580,8,34.8,407,159,meaningful naval space; quest-gated progression; travel-network routing; scripted storytelling; risk/reward encounters,1,0,9,17,5,11,5,1,9,23
"[HotA] Just Win, Or Else.h3m","Just Win, Or Else",HotA,9,1.8.0,36,False,,,0,unknown,476,template-presence,185,5,0.0,22,126,risk/reward encounters,1,1,7,17,5,4,0,0,0,2
[HotA] Key To Victory - The Second Key.h3m,Key to Victory: The Second Key,HotA,9,1.8.0,72,False,,,0,unknown,1349,template-presence,319,4,1.2,175,157,quest-gated progression; travel-network routing; scripted storytelling; risk/reward encounters,1,2,9,23,7,1,6,2,3,7
[HotA] King of the Hill.h3m,King of the Hill,HotA,9,1.8.0,36,True,,,0,unknown,883,template-presence,233,7,0.0,2,298,two-layer exploration; travel-network routing; risk/reward encounters,2,0,5,20,5,0,0,0,2,2
[HotA] Long Road.h3m,Long Road,HotA,9,1.8.0,36,True,,,0,unknown,955,template-presence,224,4,0.0,357,182,two-layer exploration; quest-gated progression; travel-network routing; scripted storytelling; risk/reward encounters,1,0,5,21,5,4,4,3,6,2
[HotA] Maelstrom.h3m,Maelstrom,HotA,9,1.8.0,108,True,,,2,unknown,3546,template-presence,634,11,18.4,1475,25,two-layer exploration; meaningful naval space; quest-gated progression; travel-network routing; scripted storytelling; risk/reward encounters,1,2,9,54,5,9,4,1,20,20
[HotA] Marsh.h3m,Marsh,HotA,9,1.8.0,72,False,,,0,unknown,1163,template-presence,286,3,22.1,199,155,meaningful naval space; quest-gated progression; travel-network routing; risk/reward encounters,1,0,5,14,5,1,4,0,4,8
[HotA] Mysterious Ways.h3m,Mysterious Ways,HotA,9,1.8.0,36,False,,,2,unknown,591,template-presence,262,5,5.0,178,15,quest-gated progression; travel-network routing; scripted storytelling; risk/reward encounters,5,5,6,15,5,5,2,1,7,9
[HotA] Paradise Lost.h3m,Paradise Lost,HotA,9,1.8.0,72,True,,,2,unknown,3564,template-presence,1037,11,17.5,130,283,two-layer exploration; meaningful naval space; quest-gated progression; travel-network routing; scripted storytelling; risk/reward encounters,7,2,122,42,73,22,19,4,20,25
[HotA] Perfect Equality.h3m,Perfect Equality,HotA,9,1.8.0,72,True,,,1,unknown,2069,template-presence,410,4,0.0,329,332,two-layer exploration; quest-gated progression; travel-network routing; risk/reward encounters,1,0,5,23,4,0,2,0,2,11
[HotA] Pirate's Utopia.h3m,Pirate's Utopia,HotA,9,1.8.0,144,True,,,1,unknown,4106,template-presence,890,11,26.2,200,45,two-layer exploration; meaningful naval space; quest-gated progression; travel-network routing; scripted storytelling; risk/reward encounters,3,2,53,54,19,17,14,4,14,24
[HotA] Province.h3m,Province,HotA,9,1.8.0,36,True,,,1,unknown,749,template-presence,299,8,0.0,10,13,two-layer exploration; travel-network routing; scripted storytelling; risk/reward encounters,1,0,19,15,8,3,0,1,2,5
[HotA] Sails and Propellers.h3m,Sails and Propellers,HotA,9,1.8.0,72,False,,,1,unknown,1093,template-presence,307,5,52.5,244,46,meaningful naval space; travel-network routing; risk/reward encounters,1,0,6,24,6,1,0,0,5,11
[HotA] Scorched Earth.h3m,Scorched Earth,HotA,9,1.8.0,72,True,,,1,unknown,1836,template-presence,525,5,22.4,175,122,two-layer exploration; meaningful naval space; quest-gated progression; travel-network routing; scripted storytelling; risk/reward encounters,2,2,16,16,15,7,1,2,6,21
[HotA] Seven Days.h3m,Seven Days,HotA,9,1.8.0,72,False,,,1,unknown,1858,template-presence,416,9,0.9,631,143,quest-gated progression; travel-network routing; scripted storytelling; risk/reward encounters,1,2,34,19,7,9,1,1,2,8
[HotA] Strait of Storms - Invasion.h3m,Strait of Storms — Invasion,HotA,9,1.8.0,72,True,,,1,unknown,1972,template-presence,560,6,56.3,205,69,two-layer exploration; meaningful naval space; quest-gated progression; travel-network routing; risk/reward encounters,3,3,67,20,45,9,5,0,8,15
[HotA] Strait of Storms - Skirmish.h3m,Strait of Storms — Skirmish,HotA,9,1.8.0,72,False,,,1,unknown,852,template-presence,292,3,60.0,193,56,meaningful naval space; quest-gated progression; travel-network routing; risk/reward encounters,1,2,35,11,21,1,4,0,3,12
[HotA] Strife in the Woods.h3m,Strife in the Woods,HotA,9,1.8.0,72,False,,,1,unknown,2014,template-presence,466,6,0.0,838,0,risk/reward encounters,7,1,13,39,4,29,0,0,0,16
[HotA] Talent Shortage.h3m,Talent Shortage,HotA,9,1.8.0,72,True,,,1,unknown,940,template-presence,393,10,28.8,440,0,two-layer exploration; meaningful naval space; quest-gated progression; travel-network routing; scripted storytelling,3,4,64,2,20,0,5,2,7,0
[HotA] Terra Incognita.h3m,Terra Incognita,HotA,9,1.8.0,72,True,,,1,unknown,1614,template-presence,544,5,67.8,0,72,two-layer exploration; meaningful naval space; quest-gated progression; travel-network routing; scripted storytelling; risk/reward encounters,4,1,49,26,21,7,7,2,3,14
[HotA] The Alliance.h3m,The Alliance,HotA,9,1.8.0,144,True,,,1,unknown,6972,template-presence,620,8,15.8,363,219,two-layer exploration; meaningful naval space; quest-gated progression; travel-network routing; scripted storytelling; risk/reward encounters,5,3,16,37,16,33,11,1,7,20
[HotA] The Cataclysm (Allied).h3m,The Cataclysm (Allied),HotA,9,1.8.0,108,True,,,2,unknown,7429,template-presence,974,11,17.6,422,153,two-layer exploration; meaningful naval space; quest-gated progression; travel-network routing; scripted storytelling; risk/reward encounters,7,13,88,23,43,25,22,2,18,18
[HotA] The Cataclysm.h3m,The Cataclysm,HotA,9,1.8.0,108,True,,,2,unknown,7429,template-presence,974,11,17.6,422,153,two-layer exploration; meaningful naval space; quest-gated progression; travel-network routing; scripted storytelling; risk/reward encounters,7,13,88,23,43,25,22,2,18,18
[HotA] The Devil Is in the Detail.h3m,The Devil Is In The Detail,HotA,9,1.8.0,252,True,,,3,unknown,23803,template-presence,1290,12,15.2,968,3787,two-layer exploration; meaningful naval space; quest-gated progression; travel-network routing; scripted storytelling; risk/reward encounters,10,6,13,39,8,84,15,1,27,31
[HotA] The Great Wasteland.h3m,The Great Wasteland,HotA,9,1.8.0,72,True,,,2,unknown,3150,template-presence,647,10,11.8,60,85,two-layer exploration; quest-gated progression; travel-network routing; scripted storytelling; risk/reward encounters,1,0,27,37,13,2,9,4,8,21
[HotA] Treasures of the Pyramid.h3m,Treasures of the Pyramid,HotA,9,1.8.0,72,True,,,1,unknown,2740,template-presence,336,5,0.0,123,25,two-layer exploration; quest-gated progression; travel-network routing; scripted storytelling; risk/reward encounters,1,0,7,20,9,1,13,1,14,3
[HotA] Trial of Flame.h3m,Trial of Flame,HotA,9,1.8.0,36,True,,,1,unknown,481,template-presence,205,4,0.5,0,0,two-layer exploration; quest-gated progression; travel-network routing; scripted storytelling; risk/reward encounters,1,1,22,13,10,6,1,1,1,4
[HotA] Upper Kingdom.h3m,Upper Kingdom,HotA,9,1.8.0,36,True,,,2,unknown,620,template-presence,308,6,2.4,0,0,two-layer exploration; quest-gated progression; travel-network routing; scripted storytelling; risk/reward encounters,2,2,40,20,24,8,1,2,4,9
[HotA] Ville'de'Porte.h3m,Ville'de'Porte,HotA,9,1.8.0,36,True,,,3,unknown,1159,template-presence,423,9,9.8,244,0,two-layer exploration; quest-gated progression; travel-network routing; scripted storytelling; risk/reward encounters,2,11,25,7,13,0,18,3,24,2
[HotA] When Seas Were Deeper.h3m,When Seas Were Deeper,HotA,9,1.8.0,144,False,,,1,unknown,4621,template-presence,620,8,43.6,301,515,meaningful naval space; travel-network routing; risk/reward encounters,8,0,5,50,6,40,0,0,2,22
[HotA] With Sword and Fire.h3m,With Sword and Fire,HotA,9,1.8.0,36,False,,,2,unknown,456,template-presence,187,4,23.2,178,18,meaningful naval space; quest-gated progression; travel-network routing; risk/reward encounters,2,3,33,0,17,0,8,0,9,2
A Viking We Shall Go Allied.h3m,Viking We Shall Go! (Allies),SoD,,,144,False,5,6,1,standard conquest,3092,exact,550,6,52.8,1171,328,meaningful naval space; quest-gated progression; travel-network routing; scripted storytelling; risk/reward encounters,35,0,78,422,56,90,10,9,18,16
A Viking We Shall Go.h3m,Viking We Shall Go!,SoD,,,144,False,5,6,1,standard conquest,3092,exact,550,6,52.7,1171,328,meaningful naval space; quest-gated progression; travel-network routing; scripted storytelling; risk/reward encounters,35,0,78,422,56,90,10,9,18,16
A Warm and Familiar Place.h3m,A Warm and Familiar Place,SoD,,,36,True,2,2,1,assemble creatures,730,exact,153,4,0.0,0,0,two-layer exploration; quest-gated progression; travel-network routing; scripted storytelling; special objective,2,2,21,99,9,12,4,2,2,0
Adventures of Jared Haret.h3m,Adventures of Jared Haret,SoD,,,36,True,1,3,4,capture a town,514,exact,212,5,15.6,0,55,two-layer exploration; meaningful naval space; quest-gated progression; travel-network routing; scripted storytelling; special objective; risk/reward encounters,4,6,24,81,10,10,4,12,7,2
All for One.h3m,All for One,RoE,,,72,True,2,3,1,standard conquest,2027,exact,499,10,10.5,277,374,two-layer exploration; quest-gated progression; travel-network routing; scripted storytelling; risk/reward encounters,11,1,81,221,49,18,10,2,21,16
And One for All.h3m,And One For All,SoD,,,72,False,4,4,1,standard conquest,687,exact,170,6,31.6,0,0,meaningful naval space; travel-network routing; scripted storytelling; risk/reward encounters,16,0,69,137,28,0,0,5,6,12
Arrogance Allied.h3m,Arrogance (Allies),SoD,,,36,True,4,4,1,standard conquest,605,exact,192,5,21.3,0,98,two-layer exploration; meaningful naval space; travel-network routing; scripted storytelling; risk/reward encounters,8,0,28,140,8,0,0,0,8,10
Arrogance.h3m,Arrogance,SoD,,,36,True,4,4,1,standard conquest,605,exact,192,5,21.3,0,98,two-layer exploration; meaningful naval space; travel-network routing; scripted storytelling; risk/reward encounters,8,0,28,140,8,0,0,0,8,10
Ascension.h3m,Ascension,RoE,,,72,False,3,3,1,standard conquest,1246,exact,361,5,51.5,190,58,meaningful naval space; travel-network routing; scripted storytelling; risk/reward encounters,4,0,36,82,15,8,0,1,7,4
Back For Revenge - Allied.h3m,Back for Revenge (Allies),SoD,,,144,False,6,8,4,beatmonster,5319,exact,661,8,33.5,934,410,meaningful naval space; quest-gated progression; travel-network routing; scripted storytelling; special objective; risk/reward encounters,23,0,196,562,30,60,13,13,28,26
Back For Revenge.h3m,Back for Revenge,SoD,,,144,False,6,8,4,beatmonster,5319,exact,661,8,33.5,934,410,meaningful naval space; quest-gated progression; travel-network routing; scripted storytelling; special objective; risk/reward encounters,23,0,196,562,30,60,13,13,28,26
Barbarian Breakout.h3m,Barbarian Breakout,RoE,,,36,True,2,4,2,standard conquest,733,exact,289,7,19.3,0,72,two-layer exploration; meaningful naval space; travel-network routing; scripted storytelling; risk/reward encounters,4,2,24,123,11,7,0,0,8,2
Barbarian BreakoutA.h3m,Barbarian Breakout (Allies),RoE,,,36,True,2,4,2,standard conquest,733,exact,289,7,19.3,0,72,two-layer exploration; meaningful naval space; travel-network routing; scripted storytelling; risk/reward encounters,4,2,24,123,11,7,0,0,8,2
Battle of the Sexes Allied.h3m,Battle of the Sexes (Allies),SoD,,,108,False,4,4,1,standard conquest,3298,exact,420,6,0.0,206,150,quest-gated progression; travel-network routing; scripted storytelling; risk/reward encounters,8,0,51,393,11,0,10,0,12,15
Battle of the Sexes.h3m,Battle of the Sexes,SoD,,,108,False,4,4,1,standard conquest,3297,exact,419,6,0.0,206,150,quest-gated progression; travel-network routing; scripted storytelling; risk/reward encounters,8,0,50,393,11,0,10,0,12,15
Brave New World(Allies).h3m,Brave New World (Allies),AB,,,108,False,8,8,2,standard conquest,3252,exact,544,8,31.2,757,156,meaningful naval space; quest-gated progression; travel-network routing; scripted storytelling; risk/reward encounters,11,8,162,446,30,3,9,3,16,49
Brave New World.h3m,Brave New World,AB,,,108,False,8,8,2,standard conquest,3253,exact,544,8,31.2,757,156,meaningful naval space; quest-gated progression; travel-network routing; scripted storytelling; risk/reward encounters,11,8,163,446,30,3,9,3,16,49
Buried Treasure.h3m,Buried Treasure,RoE,,,72,True,4,4,1,acquire an artifact,1930,exact,426,8,17.2,95,141,two-layer exploration; meaningful naval space; quest-gated progression; travel-network routing; scripted storytelling; special objective; risk/reward encounters,10,0,104,315,35,16,4,0,26,13
Carpe Diem - Allied.h3m,Carpe Diem (Allies),SoD,,,72,True,6,6,1,standard conquest,2239,exact,436,7,30.8,667,155,two-layer exploration; meaningful naval space; quest-gated progression; travel-network routing; scripted storytelling; risk/reward encounters,16,0,101,350,31,4,10,0,22,22
Carpe Diem.h3m,Carpe Diem,SoD,,,72,True,6,6,1,standard conquest,2239,exact,436,7,30.8,667,155,two-layer exploration; meaningful naval space; quest-gated progression; travel-network routing; scripted storytelling; risk/reward encounters,16,0,101,350,31,4,10,0,22,22
Caught in the Middle.h3m,Caught in the Middle (Allies),SoD,,,72,True,3,5,3,standard conquest,1517,exact,381,6,7.8,363,65,two-layer exploration; quest-gated progression; travel-network routing; scripted storytelling; risk/reward encounters,10,7,73,258,14,15,10,0,22,14
Chasing a Dream.h3m,Chasing A Dream,SoD,,,36,True,3,3,2,standard conquest,462,exact,225,8,0.0,227,0,two-layer exploration; travel-network routing; scripted storytelling; risk/reward encounters,3,0,30,54,5,0,0,0,6,3
Crimson and Clover.h3m,Crimson and Clover,RoE,,,72,True,4,4,1,standard conquest,1563,exact,376,8,37.0,119,24,two-layer exploration; meaningful naval space; travel-network routing; scripted storytelling; risk/reward encounters,6,0,38,93,21,0,0,0,8,6
Crimson and CloverA.h3m,Crimson and Clover (Allies),RoE,,,72,True,4,4,1,standard conquest,1563,exact,376,8,37.0,119,24,two-layer exploration; meaningful naval space; travel-network routing; scripted storytelling; risk/reward encounters,6,0,38,93,21,0,0,0,8,6
Darwin's Prize(Allies).h3m,Darwin's Prize(Allies),AB,,,72,True,4,4,1,standard conquest,1860,exact,245,4,3.9,0,177,two-layer exploration; risk/reward encounters,5,0,29,331,12,0,0,0,0,16
Darwin's Prize.h3m,Darwin's Prize,AB,,,72,False,4,4,1,standard conquest,1854,exact,245,3,7.7,0,177,risk/reward encounters,5,0,28,331,12,0,0,0,0,16
Dawn of War.h3m,Dawn of War,AB,,,72,False,4,6,1,standard conquest,1593,exact,357,5,21.4,0,80,meaningful naval space; quest-gated progression; travel-network routing; scripted storytelling; risk/reward encounters,7,0,71,260,13,4,2,1,7,5
Dead and Buried.h3m,Dead and Buried,RoE,,,36,True,1,3,2,standard conquest,755,exact,289,8,15.4,0,114,two-layer exploration; meaningful naval space; travel-network routing; risk/reward encounters,3,2,18,36,6,3,0,0,8,3
Deluge.h3m,Deluge,SoD,,,36,True,2,3,2,standard conquest,501,exact,174,5,9.0,67,0,two-layer exploration; travel-network routing; scripted storytelling; risk/reward encounters,5,0,29,128,7,3,0,0,6,7
Divided Loyalties.h3m,Divided Loyalties,RoE,,,72,True,4,4,1,standard conquest,3752,exact,516,7,6.6,278,61,two-layer exploration; travel-network routing; scripted storytelling; risk/reward encounters,8,0,131,451,50,16,0,7,12,12
Divided LoyaltiesA.h3m,Divided Loyalties (Allies),RoE,,,72,True,4,4,1,standard conquest,3752,exact,516,7,6.6,278,61,two-layer exploration; travel-network routing; scripted storytelling; risk/reward encounters,8,0,131,451,50,16,0,7,12,12
Dragon Orb.h3m,Dragon Orb,RoE,,,72,True,2,4,1,acquire an artifact,2924,exact,388,9,0.2,0,64,two-layer exploration; travel-network routing; scripted storytelling; special objective; risk/reward encounters,5,2,64,300,29,19,0,2,19,15
Dragon Pass (Allies).h3m,Dragon Pass (Allies),AB,,,72,True,4,4,1,standard conquest,2463,exact,438,7,0.0,113,106,two-layer exploration; quest-gated progression; travel-network routing; scripted storytelling; risk/reward encounters,4,0,63,317,41,4,10,4,12,5
Dragon Pass.h3m,Dragon Pass,AB,,,72,True,4,4,1,standard conquest,2467,exact,438,7,0.0,115,106,two-layer exploration; quest-gated progression; travel-network routing; scripted storytelling; risk/reward encounters,4,0,63,321,41,4,10,4,12,5
Dungeon Keeper.h3m,Dungeon Keeper,AB,,,36,True,1,2,1,standard conquest,954,exact,337,4,25.0,0,49,two-layer exploration; meaningful naval space; travel-network routing; scripted storytelling; risk/reward encounters,2,0,26,156,12,0,0,0,3,3
Dwarven Gold.h3m,Dwarven Gold,SoD,,,36,True,3,3,0,accumulate resources,990,exact,288,4,0.2,0,83,two-layer exploration; travel-network routing; scripted storytelling; special objective; risk/reward encounters,3,0,37,152,10,7,0,7,8,2
Dwarven Tunnels(Allies).h3m,Dwarven Tunnels (Allies),AB,,,72,True,4,4,1,standard conquest,2508,exact,391,9,0.0,526,75,two-layer exploration; travel-network routing; risk/reward encounters,15,0,85,593,18,28,0,0,13,13
Dwarven Tunnels.h3m,Dwarven Tunnels,AB,,,72,True,4,4,1,standard conquest,2508,exact,391,9,0.0,526,75,two-layer exploration; travel-network routing; risk/reward encounters,15,0,85,593,18,28,0,0,13,13
Elbow Room(Allies).h3m,Elbow Room (Allies),AB,,,36,False,6,6,2,standard conquest,473,exact,121,1,0.0,0,51,quest-gated progression; scripted storytelling; risk/reward encounters,8,0,1,51,10,0,4,0,0,1
Elbow Room.h3m,Elbow Room,AB,,,36,False,6,6,2,standard conquest,474,exact,121,1,0.0,0,51,quest-gated progression; scripted storytelling; risk/reward encounters,8,0,1,51,10,0,4,0,0,1
Emerald Isles.h3m,Emerald Isles,RoE,,,72,False,4,4,1,standard conquest,904,exact,235,5,45.0,233,0,meaningful naval space; travel-network routing; scripted storytelling; risk/reward encounters,4,1,37,107,13,3,0,11,5,5
Emerald IslesA.h3m,Emerald Isles (Allies),RoE,,,72,False,4,4,1,standard conquest,904,exact,235,5,45.0,233,0,meaningful naval space; travel-network routing; scripted storytelling; risk/reward encounters,4,1,37,107,13,3,0,11,5,5
Faeries.h3m,Faeries!,AB,,,72,True,1,2,0,standard conquest,2072,exact,634,10,7.9,349,151,two-layer exploration; quest-gated progression; travel-network routing; scripted storytelling; risk/reward encounters,7,1,32,188,28,27,9,24,21,8
For Sale.h3m,For Sale,SoD,,,36,False,1,3,2,capture a town,514,exact,246,5,19.6,29,0,meaningful naval space; quest-gated progression; travel-network routing; scripted storytelling; special objective; risk/reward encounters,4,3,7,92,0,0,5,2,5,10
Fort Noxis.h3m,Fort Noxis,AB,,,36,True,1,2,1,standard conquest,1011,exact,330,6,8.3,169,41,two-layer exploration; quest-gated progression; travel-network routing; scripted storytelling; risk/reward encounters,5,4,34,143,14,0,4,0,4,6
Free for All.h3m,Free for All,RoE,,,108,True,8,8,1,standard conquest,4198,exact,572,9,5.7,0,653,two-layer exploration; travel-network routing; scripted storytelling; risk/reward encounters,20,0,128,353,48,24,0,0,10,7
Freedom.h3m,Freedom,AB,,,36,True,2,3,1,standard conquest,704,exact,195,5,1.6,40,91,two-layer exploration; quest-gated progression; travel-network routing; risk/reward encounters,4,2,46,133,10,5,3,0,18,2
Gelea's Champions (Allies).h3m,Gelea's Champions (Allies),AB,,,72,True,2,5,1,standard conquest,2726,exact,650,7,30.8,299,281,two-layer exploration; meaningful naval space; quest-gated progression; travel-network routing; scripted storytelling; risk/reward encounters,11,0,61,250,35,28,3,13,9,10
Gelea's Champions.h3m,Gelea's Champions,AB,,,72,True,2,5,1,standard conquest,2724,exact,650,7,30.8,298,278,two-layer exploration; meaningful naval space; quest-gated progression; travel-network routing; scripted storytelling; risk/reward encounters,11,0,61,248,35,28,3,13,9,10
Goblins in the Pantry.h3m,Goblins in the Pantry,SoD,,,72,False,3,3,1,flag all dwellings,1660,exact,413,5,17.7,120,167,meaningful naval space; quest-gated progression; travel-network routing; scripted storytelling; special objective; risk/reward encounters,9,0,45,181,28,13,6,0,6,6
Golems Aplenty Allied.h3m,Golems Aplenty (Allies),SoD,,,72,True,4,4,1,standard conquest,2099,exact,373,5,0.0,0,190,two-layer exploration; travel-network routing; scripted storytelling; risk/reward encounters,5,0,78,318,30,18,0,7,12,13
Golems Aplenty.h3m,Golems Aplenty,SoD,,,72,True,4,4,1,standard conquest,2099,exact,373,5,0.0,0,190,two-layer exploration; travel-network routing; scripted storytelling; risk/reward encounters,5,0,78,318,30,18,0,7,12,13
Good to Go.h3m,Good to Go,RoE,,,36,False,2,4,1,standard conquest,413,exact,138,2,0.0,0,0,scripted storytelling,4,6,18,33,15,0,0,0,0,0
"Good Witch, Bad Witch.h3m","Good Witch, Bad Witch",SoD,,,108,False,1,2,3,defeat a hero,2831,exact,591,6,45.0,455,156,meaningful naval space; quest-gated progression; travel-network routing; scripted storytelling; special objective; risk/reward encounters,5,4,34,228,14,13,11,23,13,17
Gorlam's Tentacle Swampland.h3m,Gorlam's Tentacle Swampland,SoD,,,72,True,2,2,1,flag all mines,1193,exact,270,4,22.1,125,15,two-layer exploration; meaningful naval space; quest-gated progression; travel-network routing; scripted storytelling; special objective; risk/reward encounters,2,0,44,147,14,7,4,6,13,8
Hatchet Axe and Saw.h3m,"Hatchet, Axe and Saw",SoD,,,72,False,2,2,1,flag all dwellings,1521,exact,325,3,5.2,279,54,quest-gated progression; travel-network routing; scripted storytelling; special objective,4,0,33,185,16,14,4,1,12,0
Heroes of Might not Magic Allied.h3m,"Heroes of Might, Not Magic (A)",SoD,,,72,True,6,6,1,standard conquest,2770,exact,431,7,0.0,191,37,two-layer exploration; quest-gated progression; travel-network routing; scripted storytelling; risk/reward encounters,7,7,133,553,14,0,18,0,16,13
Heroes of Might not Magic.h3m,"Heroes of Might, Not Magic",SoD,,,72,True,6,6,1,standard conquest,2770,exact,431,7,0.0,191,37,two-layer exploration; quest-gated progression; travel-network routing; scripted storytelling; risk/reward encounters,7,7,133,553,14,0,18,0,16,13
Hoard(Allies).h3m,Hoard (Allies),AB,,,72,True,3,4,1,standard conquest,2549,exact,445,8,7.8,419,80,two-layer exploration; quest-gated progression; travel-network routing; scripted storytelling; risk/reward encounters,12,10,77,500,5,51,3,0,14,8
Hoard.h3m,Hoard,AB,,,72,True,3,4,1,standard conquest,2549,exact,445,8,7.8,419,80,two-layer exploration; quest-gated progression; travel-network routing; scripted storytelling; risk/reward encounters,12,10,77,500,5,51,3,0,14,8
Hold the middle.h3m,Holding the Middle,AB,,,72,True,4,4,1,build a town,1967,exact,358,8,3.5,222,141,two-layer exploration; travel-network routing; scripted storytelling; special objective; risk/reward encounters,5,0,76,276,34,18,0,0,17,7
Irrational Hostility.h3m,Irrational Hostility,AB,,,36,True,4,4,1,standard conquest,840,exact,176,4,0.0,35,52,two-layer exploration; quest-gated progression; travel-network routing; scripted storytelling; risk/reward encounters,5,0,44,173,11,4,2,2,10,2
Island King Allied.h3m,Island King (Allies),SoD,,,108,False,7,7,2,standard conquest,2937,exact,562,9,41.7,211,64,meaningful naval space; quest-gated progression; travel-network routing; scripted storytelling; risk/reward encounters,9,8,84,342,41,0,6,0,26,49
Island King.h3m,Island King,SoD,,,108,False,7,7,2,standard conquest,2937,exact,562,9,41.7,211,64,meaningful naval space; quest-gated progression; travel-network routing; scripted storytelling; risk/reward encounters,9,8,84,342,41,0,6,0,26,49
Island of Fire.h3m,Island of Fire,RoE,,,72,True,1,1,1,beatmonster,2106,exact,419,8,13.3,232,71,two-layer exploration; quest-gated progression; travel-network routing; scripted storytelling; special objective; risk/reward encounters,3,0,63,172,20,7,2,4,7,3
Islands and Caves.h3m,Islands and Caves,RoE,,,108,True,4,6,2,standard conquest,2885,exact,363,6,29.1,0,30,two-layer exploration; meaningful naval space; travel-network routing; scripted storytelling; risk/reward encounters,16,0,104,299,51,5,0,0,29,4
Jihad.h3m,Jihad,AB,,,36,True,7,7,1,standard conquest,842,exact,199,2,0.0,150,0,two-layer exploration; travel-network routing; scripted storytelling; risk/reward encounters,7,0,96,71,29,0,0,1,30,16
Judgement Day.h3m,Judgment Day,RoE,,,36,False,2,3,1,acquire an artifact,303,exact,113,2,0.0,0,132,travel-network routing; scripted storytelling; special objective; risk/reward encounters,3,1,2,52,1,7,0,0,12,2
Just A Visit.h3m,Just A Visit,SoD,,,72,False,3,4,3,standard conquest,1113,exact,264,5,19.6,282,26,meaningful naval space; travel-network routing; scripted storytelling; risk/reward encounters,9,3,63,180,17,0,0,9,4,16
Key to Victory.h3m,Key to Victory,RoE,,,36,True,1,2,0,standard conquest,740,exact,217,3,0.0,0,91,two-layer exploration; quest-gated progression; travel-network routing; scripted storytelling,2,1,31,82,9,1,5,0,4,0
King of Pain.h3m,King of Pain,SoD,,,72,False,3,3,1,standard conquest,1657,exact,401,4,0.0,448,192,quest-gated progression; travel-network routing; scripted storytelling; risk/reward encounters,5,0,60,204,35,0,11,0,4,4
Kingdom for sale(allies).h3m,Kingdom for Sale (Allies),AB,,,108,False,4,5,1,standard conquest,3700,exact,486,7,26.6,157,139,meaningful naval space; quest-gated progression; travel-network routing; scripted storytelling; risk/reward encounters,21,1,97,391,40,0,14,14,9,16
Kingdom for sale.h3m,Kingdom for Sale,AB,,,108,False,4,5,1,standard conquest,3700,exact,486,7,26.6,157,139,meaningful naval space; quest-gated progression; travel-network routing; scripted storytelling; risk/reward encounters,21,1,97,391,40,0,14,14,9,16
Knee Deep in the Dead.h3m,Knee Deep in the Dead,RoE,,,36,False,1,2,2,standard conquest,413,exact,210,4,5.9,0,38,quest-gated progression; scripted storytelling; risk/reward encounters,2,2,25,54,9,9,2,2,0,1
Knight of Darkness.h3m,Knight of Darkness,RoE,,,72,True,1,4,1,capture a town,2073,exact,559,10,19.0,417,184,two-layer exploration; meaningful naval space; quest-gated progression; travel-network routing; scripted storytelling; special objective; risk/reward encounters,4,0,36,210,16,17,8,0,8,4
Land of Titans (Allied).h3m,Land of Titans (Allies),AB,,,108,True,4,4,1,beatmonster,4032,exact,532,8,10.2,127,191,two-layer exploration; quest-gated progression; travel-network routing; scripted storytelling; special objective; risk/reward encounters,8,0,110,443,30,6,4,8,13,24
Land of Titans.h3m,Land of Titans,AB,,,108,True,4,4,1,beatmonster,4032,exact,530,8,10.2,127,191,two-layer exploration; quest-gated progression; travel-network routing; scripted storytelling; special objective; risk/reward encounters,8,0,110,443,30,6,4,8,13,24
Last Chance Allies.h3m,Last Chance (Allies),SoD,,,36,True,4,4,1,standard conquest,397,exact,192,7,0.0,141,0,two-layer exploration; travel-network routing; scripted storytelling,4,0,28,61,12,0,0,0,4,0
Last Chance.h3m,Last Chance,SoD,,,36,True,4,4,1,standard conquest,397,exact,192,7,0.0,141,0,two-layer exploration; travel-network routing; scripted storytelling,4,0,28,61,12,0,0,0,4,0
Loss of Innocence(Allies).h3m,Loss of Innocence (Allies),AB,,,108,False,4,6,1,standard conquest,3414,exact,308,2,21.3,31,198,meaningful naval space; quest-gated progression; travel-network routing; scripted storytelling; risk/reward encounters,16,1,113,427,21,12,8,2,10,9
Loss of Innocence.h3m,Loss of Innocence,AB,,,108,False,4,6,1,standard conquest,3416,exact,307,2,21.3,31,198,meaningful naval space; quest-gated progression; travel-network routing; scripted storytelling; risk/reward encounters,16,1,113,428,21,12,8,2,10,9
Manifest Destiny.h3m,Manifest Destiny,RoE,,,36,True,8,8,2,flag all mines,869,exact,254,5,0.8,0,217,two-layer exploration; quest-gated progression; travel-network routing; scripted storytelling; special objective; risk/reward encounters,8,0,40,112,24,0,1,0,2,16
Marshland Menace.h3m,Marshland Menace,SoD,,,72,True,4,5,4,standard conquest,1220,exact,453,10,24.5,599,182,two-layer exploration; meaningful naval space; quest-gated progression; travel-network routing; scripted storytelling; risk/reward encounters,14,1,66,136,21,9,6,0,18,3
Meeting in Muzgob(Allies).h3m,Meeting in Muzgob (Allies),AB,,,108,False,6,8,1,standard conquest,3269,exact,424,5,23.5,625,121,meaningful naval space; quest-gated progression; travel-network routing; risk/reward encounters,13,3,144,451,30,5,7,0,10,20
Meeting in Muzgob.h3m,Meeting in Muzgob,AB,,,108,False,6,8,1,standard conquest,3271,exact,424,5,23.5,625,121,meaningful naval space; quest-gated progression; travel-network routing; risk/reward encounters,13,3,143,452,30,5,7,0,10,20
Merchant Princes Allied.h3m,Merchant Princes (Allies),SoD,,,72,False,3,4,1,standard conquest,1156,exact,325,5,37.0,293,129,meaningful naval space; travel-network routing; scripted storytelling; risk/reward encounters,11,0,55,212,23,26,0,0,16,4
Merchant Princes.h3m,Merchant Princes,SoD,,,72,False,3,4,1,standard conquest,1156,exact,325,5,37.0,293,129,meaningful naval space; travel-network routing; scripted storytelling; risk/reward encounters,11,0,55,212,23,26,0,0,16,4
Middletown.h3m,Middletown,RoE,,,108,True,2,4,2,capture a town,2739,exact,533,9,18.2,220,192,two-layer exploration; meaningful naval space; quest-gated progression; travel-network routing; scripted storytelling; special objective; risk/reward encounters,7,0,90,397,28,36,4,10,21,21
Monk's Retreat Allied.h3m,Monk's Retreat (Allies),SoD,,,108,True,6,6,1,standard conquest,3968,exact,540,8,12.7,321,117,two-layer exploration; quest-gated progression; travel-network routing; scripted storytelling; risk/reward encounters,10,0,143,661,49,15,2,9,14,24
Monk's Retreat.h3m,Monk's Retreat,SoD,,,108,True,6,6,1,standard conquest,3968,exact,540,8,12.7,321,117,two-layer exploration; quest-gated progression; travel-network routing; scripted storytelling; risk/reward encounters,10,0,143,661,49,15,2,9,14,24
Myth and Legend.h3m,Myth and Legend,RoE,,,144,True,5,8,1,acquire an artifact,7009,exact,548,10,36.3,469,383,two-layer exploration; meaningful naval space; quest-gated progression; travel-network routing; scripted storytelling; special objective; risk/reward encounters,21,22,222,836,117,35,3,116,31,12
Noahs Ark.h3m,Noah's Ark,RoE,,,108,True,2,3,1,flag all dwellings,2627,exact,357,6,23.9,75,39,two-layer exploration; meaningful naval space; travel-network routing; scripted storytelling; special objective; risk/reward encounters,3,0,126,418,21,14,0,14,25,13
One Bad Day - Allied.h3m,One Bad Day (Allies),SoD,,,72,False,4,4,2,standard conquest,1393,exact,356,7,4.5,49,133,quest-gated progression; travel-network routing; scripted storytelling; risk/reward encounters,6,0,69,187,12,1,4,7,12,10
Overthrow Thy Neighbors.h3m,Overthrow Thy Neighbors,RoE,,,72,True,3,3,1,flag all mines,1676,exact,468,9,10.6,116,0,two-layer exploration; quest-gated progression; travel-network routing; scripted storytelling; special objective; risk/reward encounters,4,1,80,275,28,8,1,12,16,7
Pandora's Box .h3m,Pandora's Box,AB,,,144,True,5,5,1,capture a town,6479,exact,627,9,35.9,737,393,two-layer exploration; meaningful naval space; quest-gated progression; travel-network routing; scripted storytelling; special objective; risk/reward encounters,28,40,193,1456,33,102,19,91,32,26
Peaceful Ending - Allied.h3m,Peaceful Ending (Allies),SoD,,,108,True,6,6,2,standard conquest,3299,exact,456,7,0.9,929,98,two-layer exploration; quest-gated progression; travel-network routing; scripted storytelling; risk/reward encounters,10,2,123,488,30,16,21,0,20,24
Peaceful Ending.h3m,Peaceful Ending,SoD,,,108,True,6,6,2,standard conquest,3299,exact,456,7,0.9,929,98,two-layer exploration; quest-gated progression; travel-network routing; scripted storytelling; risk/reward encounters,10,2,123,488,30,16,21,0,20,24
Peacemaker.h3m,Peacemaker,RoE,,,72,False,5,5,1,capture a town,1228,exact,251,4,37.9,148,111,meaningful naval space; quest-gated progression; travel-network routing; scripted storytelling; special objective; risk/reward encounters,6,2,70,221,29,12,8,2,15,8
Pestilence Lake Allies.h3m,Pestilence Lake (Allies),SoD,,,108,False,2,3,4,standard conquest,2216,exact,404,6,4.1,644,392,quest-gated progression; travel-network routing; scripted storytelling; risk/reward encounters,14,1,84,152,26,0,2,7,12,17
Pestilence Lake.h3m,Pestilence Lake,SoD,,,108,False,2,3,4,standard conquest,2216,exact,405,6,4.1,644,392,quest-gated progression; travel-network routing; scripted storytelling; risk/reward encounters,14,1,84,152,26,0,2,7,12,17
Pirates.h3m,Pirates!,RoE,,,72,False,1,5,1,standard conquest,855,exact,223,3,52.2,380,31,meaningful naval space; quest-gated progression; travel-network routing; scripted storytelling; risk/reward encounters,5,1,39,130,13,14,2,2,11,4
Race for Ardintinny.h3m,Race for Ardintinny,RoE,,,144,True,5,5,1,capture a town,3631,exact,710,10,30.5,370,315,two-layer exploration; meaningful naval space; quest-gated progression; travel-network routing; scripted storytelling; special objective; risk/reward encounters,6,8,90,564,31,14,12,16,25,27
Race for the Town.h3m,Rithen Falls,SoD,,,72,False,1,5,1,capture a town,1615,exact,375,5,0.0,164,30,quest-gated progression; travel-network routing; special objective; risk/reward encounters,6,5,55,212,28,0,7,0,8,23
Ready or Not.h3m,Ready or Not,AB,,,72,True,3,3,1,standard conquest,1679,exact,528,7,11.5,0,286,two-layer exploration; quest-gated progression; travel-network routing; scripted storytelling; risk/reward encounters,6,0,56,116,24,6,12,1,10,6
Realm of Chaos.h3m,Realm of Chaos,RoE,,,72,True,8,8,1,standard conquest,3030,exact,776,10,24.3,911,181,two-layer exploration; meaningful naval space; quest-gated progression; travel-network routing; scripted storytelling; risk/reward encounters,8,0,79,539,35,33,4,11,16,25
Realm of ChaosA.h3m,Realm of Chaos (Allies),RoE,,,72,True,8,8,1,standard conquest,3030,exact,776,10,24.3,911,181,two-layer exploration; meaningful naval space; quest-gated progression; travel-network routing; scripted storytelling; risk/reward encounters,8,0,79,539,35,33,4,11,16,25
Rebellion.h3m,Rebellion,RoE,,,72,False,3,3,1,build the Grail,1336,exact,444,7,8.7,385,191,scripted storytelling; special objective; risk/reward encounters,4,0,33,132,15,7,0,1,0,5
Reclamation Allied.h3m,Reclamation (Allies),SoD,,,144,False,7,7,1,standard conquest,4686,exact,619,8,34.4,439,93,meaningful naval space; quest-gated progression; travel-network routing; scripted storytelling; risk/reward encounters,21,15,151,680,18,0,7,2,15,20
Reclamation.h3m,Reclamation,SoD,,,144,False,7,7,1,standard conquest,4686,exact,619,8,34.4,439,93,meaningful naval space; quest-gated progression; travel-network routing; scripted storytelling; risk/reward encounters,21,15,151,680,18,0,7,2,15,20
Rediscovery.h3m,Rediscovery,AB,,,72,True,4,4,1,standard conquest,3464,exact,497,9,14.4,614,257,two-layer exploration; quest-gated progression; travel-network routing; scripted storytelling; risk/reward encounters,14,0,120,454,28,2,4,0,10,13
Resource War Allies.h3m,Resource War (Allies),SoD,,,72,True,6,6,2,standard conquest,1266,exact,407,10,0.1,63,65,two-layer exploration; travel-network routing; scripted storytelling; risk/reward encounters,10,0,52,78,12,0,0,0,8,3
Resource War.h3m,Resource War,SoD,,,72,True,6,6,2,standard conquest,1266,exact,407,10,0.1,63,65,two-layer exploration; travel-network routing; scripted storytelling; risk/reward encounters,10,0,52,78,12,0,0,0,8,3
Rise of the Phoenix Allied.h3m,Rise of the Phoenix (Allies),SoD,,,108,True,4,4,1,beatmonster,3811,exact,455,7,1.1,165,363,two-layer exploration; quest-gated progression; travel-network routing; scripted storytelling; special objective; risk/reward encounters,8,1,127,564,54,42,4,1,25,25
Rise of the Phoenix.h3m,Rise of the Phoenix,SoD,,,108,True,4,4,1,beatmonster,3811,exact,455,7,1.1,165,363,two-layer exploration; quest-gated progression; travel-network routing; scripted storytelling; special objective; risk/reward encounters,8,1,127,564,54,42,4,1,25,25
Rumble in the Bogs.h3m,Rumble in the Bogs,RoE,,,72,True,2,5,1,standard conquest,1603,exact,328,6,12.2,50,127,two-layer exploration; travel-network routing; scripted storytelling,9,0,65,109,30,4,0,1,12,0
Rumble in the BogsA.h3m,Rumble in the Bogs (Allies),RoE,,,72,True,4,5,1,standard conquest,1603,exact,328,6,12.2,50,127,two-layer exploration; travel-network routing; scripted storytelling,9,0,65,109,30,4,0,1,12,0
Sands of Blood.h3m,Sands of Blood,AB,,,36,True,4,4,1,standard conquest,575,exact,197,3,0.0,0,0,two-layer exploration; travel-network routing; scripted storytelling; risk/reward encounters,4,0,44,16,24,1,0,0,10,8
Sangraal's Thief Allied.h3m,Sangraal's Thief (Allies),SoD,,,72,True,6,7,1,build the Grail,2787,exact,474,6,0.0,187,29,two-layer exploration; quest-gated progression; travel-network routing; scripted storytelling; special objective; risk/reward encounters,8,10,147,414,41,0,11,0,18,21
Sangraal's Thief.h3m,Sangraal's Thief,SoD,,,72,True,7,7,1,build the Grail,2787,exact,474,6,0.0,187,29,two-layer exploration; quest-gated progression; travel-network routing; scripted storytelling; special objective; risk/reward encounters,8,10,147,414,41,0,11,0,18,21
Search for the Grail.h3m,Search For The Grail,RoE,,,72,True,1,4,2,build the Grail,1277,exact,305,5,24.0,292,97,two-layer exploration; meaningful naval space; quest-gated progression; travel-network routing; scripted storytelling; special objective; risk/reward encounters,4,1,22,167,11,5,4,0,12,8
Serpents Treasure.h3m,Serpent's Treasure,RoE,,,144,True,2,7,2,assemble creatures,3415,exact,544,10,21.2,451,400,two-layer exploration; meaningful naval space; quest-gated progression; travel-network routing; scripted storytelling; special objective; risk/reward encounters,11,1,134,766,58,66,8,2,31,21
Shadow Valleys.h3m,Shadow Valleys,SoD,,,72,True,4,5,2,standard conquest,1090,exact,339,7,0.0,481,51,two-layer exploration; travel-network routing; scripted storytelling; risk/reward encounters,8,1,85,104,12,6,0,8,6,10
South of Hell (Allies).h3m,South of Hell (Allies),AB,,,108,True,2,3,1,standard conquest,3294,exact,382,7,12.6,330,134,two-layer exploration; quest-gated progression; travel-network routing; scripted storytelling; risk/reward encounters,11,2,90,357,42,20,4,7,21,17
South of Hell.h3m,South of Hell,AB,,,108,True,2,3,2,standard conquest,3316,exact,382,7,12.7,363,134,two-layer exploration; quest-gated progression; travel-network routing; scripted storytelling; risk/reward encounters,11,2,85,381,42,21,4,7,21,17
Southern Cross.h3m,Southern Cross,RoE,,,108,True,4,5,1,capture a town,2820,exact,470,7,32.4,119,56,two-layer exploration; meaningful naval space; travel-network routing; scripted storytelling; special objective,9,1,62,101,38,0,0,0,24,0
Step by Step (Allies).h3m,Step by Step (Allies),AB,,,72,True,6,6,1,standard conquest,2655,exact,360,6,8.6,250,106,two-layer exploration; quest-gated progression; travel-network routing; risk/reward encounters,15,0,114,354,20,0,7,0,13,12
Step by Step.h3m,Step by Step,AB,,,72,True,6,6,1,standard conquest,2656,exact,360,6,8.6,250,106,two-layer exploration; quest-gated progression; travel-network routing; risk/reward encounters,15,0,114,354,20,0,7,0,13,12
Tale of two lands (Allies).h3m,Tale of Two Lands (Allies),AB,,,144,True,4,4,1,standard conquest,5340,exact,650,10,17.3,310,294,two-layer exploration; meaningful naval space; quest-gated progression; travel-network routing; scripted storytelling; risk/reward encounters,8,0,176,697,72,41,5,6,16,31
Tale of two lands.h3m,Tale of Two Lands,AB,,,144,True,4,4,1,standard conquest,5340,exact,650,10,17.3,310,294,two-layer exploration; meaningful naval space; quest-gated progression; travel-network routing; scripted storytelling; risk/reward encounters,8,0,176,697,72,41,5,6,16,31
Terrible Rumor.h3m,A Terrible Rumor,SoD,,,36,True,3,6,1,standard conquest,792,exact,289,7,0.0,147,0,two-layer exploration; quest-gated progression; travel-network routing; scripted storytelling; risk/reward encounters,8,7,46,148,7,1,6,0,12,7
The Battle of Daeyan's Ford.h3m,The Battle of Daeyan's Ford,SoD,,,108,True,6,6,1,standard conquest,3642,exact,536,7,2.4,1084,141,two-layer exploration; quest-gated progression; travel-network routing; scripted storytelling; risk/reward encounters,17,0,73,374,42,4,17,0,15,15
The Challenge.h3m,The Challenge,AB,,,72,False,2,3,1,build the Grail,2150,exact,397,7,23.2,247,102,meaningful naval space; quest-gated progression; travel-network routing; scripted storytelling; special objective; risk/reward encounters,8,1,51,147,12,11,6,6,10,9
The Five Rings.h3m,The Five Rings,RoE,,,108,True,1,6,3,capture a town,3591,exact,683,8,9.8,1327,367,two-layer exploration; quest-gated progression; travel-network routing; scripted storytelling; special objective; risk/reward encounters,6,0,30,338,27,43,2,15,18,14
The Gauntlet.h3m,The Gauntlet,AB,,,108,True,1,6,3,standard conquest,3483,exact,756,10,17.1,306,180,two-layer exploration; meaningful naval space; quest-gated progression; travel-network routing; scripted storytelling; risk/reward encounters,10,17,78,422,37,18,16,10,10,22
The Great Race.h3m,The Great Race,SoD,,,72,False,4,4,2,capture a town,1935,exact,440,5,0.0,163,32,quest-gated progression; travel-network routing; scripted storytelling; special objective; risk/reward encounters,6,4,78,243,30,0,17,1,8,22
The Mandate of Heaven.h3m,The Mandate of Heaven,RoE,,,144,True,1,5,3,capture a town,4483,exact,841,10,22.1,687,165,two-layer exploration; meaningful naval space; quest-gated progression; travel-network routing; scripted storytelling; special objective; risk/reward encounters,12,1,119,315,28,32,12,57,27,12
The Newcomers.h3m,The Newcomers,AB,,,36,True,3,4,2,standard conquest,1258,exact,391,8,8.8,0,70,two-layer exploration; quest-gated progression; travel-network routing; scripted storytelling; risk/reward encounters,12,9,47,175,9,3,11,16,8,4
Thousand Islands (allies).h3m,Thousand Islands (Allies),AB,,,144,False,6,7,1,defeat a hero,4490,exact,543,8,60.5,0,15,meaningful naval space; quest-gated progression; travel-network routing; scripted storytelling; special objective; risk/reward encounters,14,8,111,645,62,6,21,0,49,108
Thousand Islands.h3m,Thousand Islands,AB,,,144,False,3,4,1,defeat a hero,4492,exact,542,8,60.5,0,15,meaningful naval space; quest-gated progression; travel-network routing; scripted storytelling; special objective; risk/reward encounters,14,8,111,645,62,5,21,0,49,108
Time's Up.h3m,Times Up,AB,,,36,True,7,7,2,standard conquest,1193,exact,281,6,0.0,0,0,two-layer exploration; quest-gated progression; travel-network routing,7,0,21,153,5,0,15,0,2,0
Titans Winter archer.h3m,Titan's Winter,HotA,5,,108,False,3,6,2,standard conquest,3387,exact,395,4,20.5,413,174,meaningful naval space; quest-gated progression; travel-network routing; risk/reward encounters,11,1,74,398,10,20,3,0,2,6
Titans Winter.h3m,Titan's Winter,RoE,,,108,False,3,6,2,standard conquest,3387,exact,394,4,20.5,413,174,meaningful naval space; quest-gated progression; travel-network routing; risk/reward encounters,11,0,74,398,10,20,3,0,2,6
Too Many Monsters.h3m,Too Many Monsters,SoD,,,36,False,4,4,1,flag all dwellings,605,exact,217,5,0.0,94,0,quest-gated progression; scripted storytelling; special objective,4,4,46,83,4,11,1,0,0,0
Tovar's Fortress (Allies).h3m,Tovar's Fortress (Allies),AB,,,72,True,4,5,1,capture a town,2433,exact,525,9,3.7,80,160,two-layer exploration; quest-gated progression; travel-network routing; scripted storytelling; special objective; risk/reward encounters,7,3,56,217,20,13,6,4,9,9
Tovar's Fortress.h3m,Tovar's Fortress,AB,,,72,True,4,5,1,capture a town,2433,exact,525,9,3.7,80,160,two-layer exploration; quest-gated progression; travel-network routing; scripted storytelling; special objective; risk/reward encounters,7,3,56,217,20,13,6,4,9,9
Treasure Hunt.h3m,Treasure Hunt,AB,,,72,False,3,3,1,flag all mines,2088,exact,348,5,42.3,0,67,meaningful naval space; quest-gated progression; travel-network routing; scripted storytelling; special objective; risk/reward encounters,3,3,47,157,4,1,23,0,22,17
Twins.h3m,Twins,AB,,,36,True,2,2,1,standard conquest,803,exact,198,6,0.0,0,16,two-layer exploration; quest-gated progression; travel-network routing; scripted storytelling; risk/reward encounters,2,2,43,220,17,1,12,7,2,6
Undead Unrest.h3m,Undead Unrest,AB,,,72,True,2,3,1,acquire an artifact,2182,exact,485,7,5.6,141,163,two-layer exploration; quest-gated progression; travel-network routing; scripted storytelling; special objective; risk/reward encounters,5,0,75,317,30,17,4,3,13,10
Unexpected Inheritance.h3m,Unexpected Inheritance,AB,,,72,True,2,2,1,standard conquest,1917,exact,381,6,1.2,308,102,two-layer exploration; quest-gated progression; travel-network routing; scripted storytelling; risk/reward encounters,5,0,56,95,37,8,6,10,15,12
Unholy Quest.h3m,Unholy Quest,RoE,,,144,True,1,2,2,defeat a hero,2327,exact,438,6,42.4,255,51,two-layer exploration; meaningful naval space; travel-network routing; scripted storytelling; special objective; risk/reward encounters,4,8,52,227,8,13,0,7,18,1
Valleys of War.h3m,Valleys of War,AB,,,72,True,4,4,1,standard conquest,3071,exact,479,6,17.3,519,240,two-layer exploration; meaningful naval space; quest-gated progression; travel-network routing; scripted storytelling; risk/reward encounters,13,1,75,382,30,10,6,1,10,29
Vial of Life.h3m,Vial of Life,RoE,,,108,False,2,4,1,transport an artifact,3090,exact,416,5,41.5,193,79,meaningful naval space; quest-gated progression; travel-network routing; scripted storytelling; special objective; risk/reward encounters,5,1,57,218,12,11,2,3,11,20
War of the Mighty (Allies).h3m,War of the Mighty (Allies),AB,,,144,True,4,5,2,standard conquest,6944,exact,448,6,1.0,951,1255,two-layer exploration; quest-gated progression; travel-network routing; scripted storytelling; risk/reward encounters,19,6,188,266,83,6,28,8,31,53
War of the Mighty.h3m,War of the Mighty,AB,,,144,True,4,5,2,standard conquest,6944,exact,448,6,1.0,951,1255,two-layer exploration; quest-gated progression; travel-network routing; scripted storytelling; risk/reward encounters,19,6,188,266,83,6,28,8,31,53
Warlords.h3m,Warlords!,RoE,,,108,False,8,8,1,standard conquest,2698,exact,223,2,9.5,929,246,risk/reward encounters,8,0,93,257,12,18,0,0,0,4
WarlordsA.h3m,Warlords! (Allies),RoE,,,108,False,8,8,1,standard conquest,2698,exact,223,2,9.5,929,246,scripted storytelling; risk/reward encounters,8,0,93,257,12,18,0,0,0,4
Warmongers.h3m,Warmongers,RoE,,,144,False,3,6,1,standard conquest,4513,exact,642,8,24.8,496,338,meaningful naval space; quest-gated progression; travel-network routing; scripted storytelling; risk/reward encounters,12,0,116,584,49,29,6,14,16,17
When Dragons Clash.h3m,When Dragons Clash,RoE,,,72,True,2,2,1,flag all dwellings,1813,exact,407,6,2.2,743,266,two-layer exploration; quest-gated progression; travel-network routing; scripted storytelling; special objective; risk/reward encounters,6,0,39,214,10,28,2,1,15,13
Wings of War.h3m,Wings of War,RoE,,,72,False,2,5,2,defeat a hero,877,exact,200,6,55.9,28,28,meaningful naval space; quest-gated progression; travel-network routing; scripted storytelling; special objective; risk/reward encounters,5,2,46,132,29,7,2,2,7,12
Xathras Prize.h3m,Xathras's Prize,RoE,,,108,True,6,7,1,build the Grail,3330,exact,627,9,17.9,490,205,two-layer exploration; meaningful naval space; travel-network routing; scripted storytelling; special objective; risk/reward encounters,16,2,128,380,43,18,0,5,20,18
